model,confusion,accuracy,precision,recall,f1,roc_auc
KNeighborsClassifier(weights='distance'),[[70964   719] [3827   220]],0.9399709494255908,0.2342917997870074,0.054361255250803,0.0882470918572001,0.61158032281994
"KNeighborsClassifier(algorithm='kd_tree', weights='distance')",[[70964   719] [3827   220]],0.9399709494255908,0.2342917997870074,0.054361255250803,0.0882470918572001,0.61158032281994
"KNeighborsClassifier(algorithm='brute', weights='distance')",[[70959   724] [3826   221]],0.9399181301993926,0.2338624338624338,0.0546083518655794,0.0885416666666666,0.6113320748824046
"KNeighborsClassifier(algorithm='ball_tree', weights='distance')",[[70960   723] [3827   220]],0.9399181301993926,0.2332979851537645,0.054361255250803,0.0881763527054108,0.6113445050317131
